,libraryID,liverID,HF,macro,male,micro,alactate.3H,time,group,liver,liverweight,PVp,PVf,HAp,HAf,bicarbadded,HAr,PVr,macro,aph,aco2,ao2,ahco3,abe,alactate,vph,vco2,vo2,vhco3,vbe,vlactate,Na,K,Ca,Cl,Glu,BUN,Cr,AG,AST,ALT,Alb,Alp,Dbil,Tbil,TP,VLDL,Trig,HDL,LDL,Chol,bilevol,bilepH,bilehco3,bilelactate,bilegluc,hct,hb,wbc,plt,AMP,ADP,ATP,NAD,NADH,NADP,NADPH,FAD,atpadp,atpamp,ec,nadhnad
1,NA,NA,1,,,,4.08,0,0,1,2.958,5,NA,30,NA,120,NA,NA,40,7.396,127.8,800,78.5,30,19.24,NA,NA,NA,NA,NA,NA,169,8.4,2.13,109,95,4,0,NA,NA,NA,NA,NA,NA,NA,NA,NA,NA,NA,NA,NA,NA,NA,NA,NA,NA,45.8,14.4,5.3,64,64.22740855,6.721901058,1.098417584,16.90230364,9.871247679,5.447574012,0.227895656,0.363953671,0.163409,0.017102,0.06189464,0.584018
2,NA,NA,1,,,,4.08,0.5,0,1,NA,7,550,60,293,30,0.204778157,0.012727273,NA,7.071,100.3,606,29.1,-1,17.72,7.059,110.7,57,31.3,1,17.2,NA,NA,NA,NA,NA,NA,NA,NA,NA,NA,NA,NA,NA,NA,NA,NA,NA,NA,NA,NA,NA,NA,NA,NA,NA,NA,NA,NA,NA,NA,NA,NA,NA,NA,NA,,NA,NA,NA,NA,NA
3,NA,NA,1,,,,4.08,1,0,1,NA,8,750,60,420,20,0.142857143,0.010666667,NA,7.137,115.3,477,38.9,10,13.61,7.103,116.3,66,36.4,7,13.32,NA,NA,NA,NA,NA,NA,NA,NA,7795,8100,NA,70,0.5,1.5,NA,NA,NA,NA,NA,NA,NA,NA,NA,NA,NA,NA,NA,NA,NA,NA,NA,NA,NA,NA,NA,,NA,NA,NA,NA,NA
4,NA,NA,1,,,,4.08,1.5,0,1,NA,10,950,70,489,20,0.143149284,0.010526316,NA,7.191,129.2,552,49.5,21,5.98,7.183,125.4,58,47.1,19,6.6,NA,NA,NA,NA,NA,NA,NA,NA,NA,NA,NA,NA,NA,NA,NA,NA,NA,NA,NA,NA,NA,NA,NA,NA,NA,NA,NA,NA,NA,NA,NA,NA,NA,NA,NA,,NA,NA,NA,NA,NA
5,NA,NA,1,,,,4.08,2,0,1,NA,10,1000,70,481,0,0.145530146,0.01,NA,7.499,105,563,81.7,30,2.55,7.32,110.9,52,57.2,30,2.69,NA,NA,NA,NA,NA,NA,NA,NA,NA,NA,NA,NA,NA,NA,NA,NA,NA,NA,NA,NA,NA,NA,NA,NA,NA,NA,NA,NA,NA,NA,NA,NA,NA,NA,NA,,NA,NA,NA,NA,NA
6,NA,NA,1,,,,4.08,3,0,1,NA,10,1160,70,465,0,0.150537634,0.00862069,NA,7.535,64.3,537,54.5,30,4.08,7.46,76.1,54,54.1,30,2.33,158,9,0.36,90,700,87,51,NA,NA,NA,NA,NA,NA,NA,NA,NA,NA,NA,NA,NA,NA,NA,NA,NA,NA,NA,NA,NA,NA,NA,NA,NA,NA,NA,NA,,NA,NA,NA,NA,NA
7,NA,NA,1,,,,4.08,4,0,1,NA,10,1170,70,460,0,0.152173913,0.008547009,NA,7.555,60.1,570,53.3,30,2.36,7.429,72.6,59,48,24,2.1,NA,NA,NA,NA,NA,NA,NA,NA,NA,NA,NA,NA,NA,NA,NA,NA,NA,NA,NA,NA,13,7.604,50.2,2.62,NA,NA,NA,NA,NA,NA,NA,NA,NA,NA,NA,,NA,NA,NA,NA,NA
8,NA,NA,1,,,,4.08,6,0,1,NA,10,1250,70,507,0,0.138067061,0.008,NA,7.386,92.5,549,55.5,30,1.43,7.281,109.2,67,51.5,25,1.26,149,9,0.55,87,700,91,1.3,NA,9780,9660,NA,NA,2,3,NA,NA,NA,NA,NA,NA,NA,NA,NA,NA,NA,NA,NA,NA,NA,26.96190775,15.97438546,13.47866609,27.54617138,1.099614731,9.18147502,0.049219382,0.739162066,0.843767,0.499915,0.380499412,0.039919
9,NA,NA,1,,,,4.08,9,0,1,NA,10,1270,70,536,0,0.130597015,0.007874016,NA,7.323,99.4,532,51.6,26,1.06,7.212,123.2,69,49.5,22,0.84,149,9,0.61,91,700,115,1.3,NA,NA,NA,NA,NA,NA,NA,NA,NA,NA,NA,NA,NA,8.5,7.536,54.6,1.75,NA,NA,NA,NA,NA,NA,NA,NA,NA,NA,NA,,NA,NA,NA,NA,NA
10,NA,NA,1,,,,4.08,12,0,1,NA,10,1310,70,520,NA,0.134615385,0.007633588,NA,7.19,123.2,517,47.1,19,0.58,7.17,126,68,45.9,17,0.56,151,9,0.5,95,700,140,1.5,NA,14360,12080,NA,60,2,4,NA,NA,NA,NA,NA,NA,6,8.2,NA,1.69,NA,28,8.6,3.3,43,40.64872803,15.84283573,7.384609353,23.77897595,6.092390336,8.706287837,0.02592699,0.584308885,0.466117,0.181669,0.239620291,0.256209
11,FN3,CN1,3,40,0,55,18.2,0,0,2,2.501,5,NA,30,NA,95,NA,NA,NA,7.375,105,800,61.4,30,19.29,NA,NA,NA,NA,NA,NA,155,9,1.13,105,75,7,0,NA,NA,NA,NA,NA,NA,NA,NA,NA,NA,NA,NA,NA,NA,NA,NA,NA,NA,44,14.1,1.9,42,11.95065942,2.875264305,0.956281625,12.97380941,7.787434953,12.14444541,0.758891236,0.580414143,0.33258912,0.080019151,0.151684364,0.600242743
12,FN3,CN1,3,40,0,55,18.2,0.5,0,2,NA,10,400,84,70,5,1.2,0.025,NA,7.386,42.3,646,25.4,0,20,7.244,50,47,21.7,-6,20,NA,NA,NA,NA,NA,NA,NA,NA,NA,NA,NA,NA,NA,NA,NA,NA,NA,NA,NA,NA,NA,NA,NA,NA,NA,NA,NA,NA,NA,NA,NA,NA,NA,NA,NA,,NA,NA,NA,NA,NA
13,FN3,CN1,3,40,0,55,18.2,1,0,2,NA,10,590,90,106,15,0.849056604,0.016949153,NA,7.242,42.2,589,18.2,-9,20,7.161,48,51,17.2,-11,18.86,NA,NA,NA,NA,NA,NA,NA,NA,6890,4365,NA,NA,NA,1,NA,NA,NA,NA,NA,NA,NA,NA,NA,NA,NA,NA,NA,NA,NA,NA,NA,NA,NA,NA,NA,,NA,NA,NA,NA,NA
14,FN3,CN1,3,40,0,55,18.2,1.5,0,2,NA,10,710,90,166,15,0.542168675,0.014084507,NA,7.26,44.1,569,19.8,-7,20,7.23,44.9,59,18.8,-9,18.31,NA,NA,NA,NA,NA,NA,NA,NA,NA,NA,NA,NA,NA,NA,NA,NA,NA,NA,NA,NA,NA,NA,NA,NA,NA,NA,NA,NA,NA,NA,NA,NA,NA,NA,NA,,NA,NA,NA,NA,NA
15,FN3,CN1,3,40,0,55,18.2,2,0,2,NA,10,760,95,229,5,0.414847162,0.013157895,NA,7.324,44.2,601,23,-3,19.69,7.279,45.5,66,21.3,-5,18.52,NA,NA,NA,NA,NA,NA,NA,NA,NA,NA,NA,NA,NA,NA,NA,NA,NA,NA,NA,NA,NA,NA,NA,NA,NA,NA,NA,NA,NA,NA,NA,NA,NA,NA,NA,,NA,NA,NA,NA,NA
16,FN3,CN1,3,40,0,55,18.2,3,0,2,NA,10,830,95,270,10,0.351851852,0.012048193,NA,7.322,47.1,630,24.3,-2,18.2,7.314,43.6,84,22.2,-4,17.32,136,9,0.41,95,617,29,0.7,NA,NA,NA,NA,NA,NA,NA,NA,NA,NA,NA,NA,NA,NA,NA,NA,NA,NA,NA,NA,NA,NA,NA,NA,NA,NA,NA,NA,,NA,NA,NA,NA,NA
17,FN3,CN1,3,40,0,55,18.2,4,0,2,NA,10,920,95,281,5,0.338078292,0.010869565,NA,7.348,48.5,513,26.7,1,16.03,7.296,52.9,82,25.8,-1,15.33,NA,NA,NA,NA,NA,NA,NA,NA,NA,NA,NA,NA,NA,NA,NA,NA,NA,NA,NA,NA,38,7.316,25.5,16.86,NA,NA,NA,NA,NA,NA,NA,NA,NA,NA,NA,,NA,NA,NA,NA,NA
18,FN3,CN1,3,40,0,55,18.2,6,0,2,NA,10,1030,95,276,15,0.344202899,0.009708738,NA,7.297,62.6,653,30.6,4,13.06,7.246,63.6,85,27.7,0,12.34,140,9,0.46,96,700,51,0.9,NA,12080,9080,NA,NA,NA,2,NA,NA,NA,NA,NA,NA,NA,NA,NA,NA,NA,33.2,10.3,3.1,50,0.823029865,1.777424911,2.31577917,2.886847607,0.088363697,1.65809953,0.018072599,0.247320461,1.302884389,2.81372435,0.651818376,0.030609062
19,FN3,CN1,3,40,0,55,18.2,9,0,2,NA,10,1070,95,315,20,0.301587302,0.009345794,NA,7.257,75.4,561,33.6,6,11.04,7.188,81.1,89,30.9,3,10.34,142,9,0.54,95,700,72,1.1,NA,NA,NA,NA,NA,NA,NA,NA,NA,NA,NA,NA,NA,26,7.328,30.5,13.02,NA,NA,NA,NA,NA,NA,NA,NA,NA,NA,NA,,NA,NA,NA,NA,NA
20,FN3,CN1,3,40,0,55,18.2,12,0,2,2.399,10,990,95,307,NA,0.309446254,0.01010101,NA,7.218,85.7,592,34.9,7,10.92,7.188,88,80,33.4,5,10.23,146,9,0.59,96,700,80,1.2,NA,14070,7980,NA,NA,NA,2,NA,NA,NA,NA,NA,NA,21,7.266,34,11.11,NA,25.6,7.9,3.1,128,1.55612572,1.809450508,1.935053428,2.579043082,0,0.954061204,,0.091204076,1.069414952,1.24350713,0.53574365,0
21,LN3,CN2,4,0,0,0,20,0,2,3,2.431,5,NA,30,NA,100,NA,NA,NA,7.404,116.7,800,73,30,19.37,NA,NA,NA,NA,NA,NA,166,8.9,1.32,NA,78,0,0,NA,NA,NA,NA,NA,NA,NA,NA,NA,NA,NA,NA,NA,NA,NA,NA,NA,NA,41.2,12.8,2.6,22,28.55243639,3.993681546,1.027368195,13.64770444,15.12475374,14.25738019,0.693533904,0.608087454,0.257248402,0.035981805,0.0900773,1.10822694
22,LN3,CN2,4,0,0,0,20,0.5,2,3,NA,6,830,75,220,20,0.340909091,0.007228916,NA,7.13,66.4,514,22.1,-7,20,7.075,69.7,51,20.4,-10,20,NA,NA,NA,NA,NA,NA,NA,NA,NA,NA,NA,NA,NA,NA,NA,NA,NA,NA,NA,NA,NA,NA,NA,NA,NA,NA,NA,NA,NA,NA,NA,NA,NA,NA,NA,,NA,NA,NA,NA,NA
23,LN3,CN2,4,0,0,0,20,1,2,3,NA,7,700,90,211,10,0.426540284,0.01,NA,7.309,46.9,540,23.5,-3,20,7.226,52.8,56,21.9,-6,20,NA,NA,NA,NA,NA,NA,NA,NA,4825,3030,NA,60,NA,2,NA,NA,NA,NA,NA,NA,NA,NA,NA,NA,NA,NA,NA,NA,NA,NA,NA,NA,NA,NA,NA,,NA,NA,NA,NA,NA
24,LN3,CN2,4,0,0,0,20,1.5,2,3,NA,7,990,90,271,10,0.332103321,0.007070707,NA,7.278,57.1,611,23.9,-3,20,7.216,55,81,22.3,-5,20,NA,NA,NA,NA,NA,NA,NA,NA,NA,NA,NA,NA,NA,NA,NA,NA,NA,NA,NA,NA,NA,NA,NA,NA,NA,NA,NA,NA,NA,NA,NA,NA,NA,NA,NA,,NA,NA,NA,NA,NA
25,LN3,CN2,4,0,0,0,20,2,2,3,NA,8,730,90,192,5,0.46875,0.010958904,NA,7.321,49.2,613,25.4,-1,20,7.251,52.9,75,23.3,-4,20,NA,NA,NA,NA,NA,NA,NA,NA,NA,NA,NA,NA,NA,NA,NA,NA,NA,NA,NA,NA,NA,NA,NA,NA,NA,NA,NA,NA,NA,NA,NA,NA,NA,NA,NA,,NA,NA,NA,NA,NA
26,LN3,CN2,4,0,0,0,20,3,2,3,NA,8,850,90,264,5,0.340909091,0.009411765,NA,7.355,50.5,646,28.2,3,20,7.303,52.4,64,25.9,0,20,142,9,0.5,86,646,21,0.7,NA,11660,7260,NA,90,NA,2,NA,NA,NA,NA,NA,NA,NA,NA,NA,NA,NA,NA,NA,NA,NA,38.92265788,11.60998836,4.992407871,12.45391665,1.123102643,11.16560547,0.334086918,0.451748375,0.430009722,0.128264824,0.194460001,0.090180678
27,LN3,CN2,4,0,0,0,20,4,2,3,NA,7,940,88,300,0,0.293333333,0.007446809,NA,7.423,51.5,584,33.4,9,17.04,7.345,56.3,58,30.7,5,15.94,NA,NA,NA,NA,NA,NA,NA,NA,NA,NA,NA,NA,NA,NA,NA,NA,NA,NA,NA,NA,3.5,7.553,20.4,20,NA,NA,NA,NA,NA,NA,NA,NA,NA,NA,NA,,NA,NA,NA,NA,NA
28,LN3,CN2,4,0,0,0,20,6,2,3,NA,8,960,88,310,0,0.283870968,0.008333333,NA,7.473,49,570,35.9,12,10.18,7.39,56.5,63,34.2,9,8.86,140,9,0.52,87,591,48,0.8,NA,NA,12060,NA,260,NA,2,NA,NA,NA,NA,NA,NA,NA,NA,NA,NA,NA,32.3,10.2,4.9,114,52.99106534,24.28113139,16.1406939,18.82200756,1.041056173,10.23781856,0.077437274,0.553199106,0.66474225,0.304592742,0.302755427,0.055310581
29,LN3,CN2,4,0,0,0,20,9,2,3,NA,8,1070,90,320,0,0.28125,0.007476636,NA,7.409,55.7,555,35.2,11,7.53,7.333,60.8,73,32.3,6,7.02,141,9,0.37,87,700,68,0.7,NA,NA,NA,NA,NA,NA,NA,NA,NA,NA,NA,NA,NA,5,7.638,23.3,20,NA,NA,NA,NA,NA,NA,NA,NA,NA,NA,NA,,NA,NA,NA,NA,NA
30,LN3,CN2,4,0,0,0,20,12,2,3,2.163,8,1100,88,330,NA,0.266666667,0.007272727,NA,7.357,58.4,563,32.7,7,6.63,7.299,61.3,76,30.1,4,6.46,141,9,0.36,87,700,78,0.7,NA,17060,8120,NA,260,NA,2,NA,NA,NA,NA,NA,NA,4.5,7.501,32.4,10.7,NA,29.2,9.2,2.4,65,32.50894444,21.09967726,18.22561458,35.27546192,0.208940553,9.700519009,0.020068968,0.501196424,0.863786415,0.560633847,0.40058132,0.005923113
31,NA,NA,5,,,,20,0,2,NA,2.275,5,NA,30,NA,105,NA,NA,NA,7.417,101.8,800,65.6,30,20,NA,NA,NA,NA,NA,NA,150,9,1.43,104,48,3,0,NA,NA,NA,NA,NA,NA,NA,NA,NA,NA,NA,NA,NA,NA,NA,NA,NA,NA,44.2,14,2.9,24,170.6899372,8.163255959,0.632958191,75.82044516,33.4417369,17.37362029,0.923138738,0.663357554,0.077537467,0.003708234,0.026267131,0.441064898
32,NA,NA,5,,,,20,0.5,2,NA,NA,7,190,85,137,0,0.620437956,0.036842105,NA,7.398,50.9,652,31.3,7,20,7.186,68.8,41,26.1,-2,20,NA,NA,NA,NA,NA,NA,NA,NA,NA,NA,NA,NA,NA,NA,NA,NA,NA,NA,NA,NA,NA,NA,NA,NA,NA,NA,NA,NA,NA,NA,NA,NA,NA,NA,NA,,NA,NA,NA,NA,NA
33,NA,NA,5,,,,20,1,2,NA,NA,9,350,85,226,15,0.376106195,0.025714286,NA,7.223,46,639,18.9,-9,20,7.127,54.6,43,18.1,-11,20,NA,NA,NA,NA,NA,NA,NA,NA,1770,720,5,145,NA,1,NA,NA,NA,NA,NA,NA,NA,NA,NA,NA,NA,NA,NA,NA,NA,NA,NA,NA,NA,NA,NA,,NA,NA,NA,NA,NA
34,NA,NA,5,,,,20,1.5,2,NA,NA,10,390,85,131,25,0.648854962,0.025641026,NA,7.275,44.9,652,20.9,-6,20,7.183,53.7,42,20.2,-8,20,NA,NA,NA,NA,NA,NA,NA,NA,NA,NA,NA,NA,NA,NA,NA,NA,NA,NA,NA,NA,NA,NA,NA,NA,NA,NA,NA,NA,NA,NA,NA,NA,NA,NA,NA,,NA,NA,NA,NA,NA
35,NA,NA,5,,,,20,2,2,NA,NA,10,420,85,121,0,0.702479339,0.023809524,NA,7.439,42.5,626,28.8,5,20,7.324,56.8,34,29.5,3,20,NA,NA,NA,NA,NA,NA,NA,NA,NA,NA,NA,NA,NA,NA,NA,NA,NA,NA,NA,NA,NA,NA,NA,NA,NA,NA,NA,NA,NA,NA,NA,NA,NA,NA,NA,,NA,NA,NA,NA,NA
36,NA,NA,5,,,,20,3,2,NA,NA,10,460,89,130,0,0.684615385,0.02173913,NA,7.415,46.6,617,29.9,5,20,7.336,53.7,38,28.7,3,19.9,132,9,0.53,81,645,44,1,NA,4300,1760,NA,105,NA,1.5,NA,NA,NA,NA,NA,NA,NA,NA,NA,NA,NA,NA,NA,NA,NA,29.73457459,4.21855194,0.699722706,17.7970859,7.292705414,2.397124124,0.305766093,0.166872061,0.165867984,0.023532292,0.081061117,0.409769636
37,NA,NA,5,,,,20,4,2,NA,NA,10,460,92,123,0,0.74796748,0.02173913,NA,7.387,46,539,27.6,3,19.94,7.227,66.1,36,27.5,0,17.71,NA,NA,NA,NA,NA,NA,NA,NA,NA,NA,NA,NA,NA,NA,NA,NA,NA,NA,NA,NA,0.5,7.338,19.3,20,NA,NA,NA,NA,NA,NA,NA,NA,NA,NA,NA,,NA,NA,NA,NA,NA
38,NA,NA,5,,,,20,6,2,NA,NA,10,440,92,136,20,0.676470588,0.022727273,NA,7.202,61.7,618,24.2,-4,19.81,7.1,81.8,44,25.4,-4,19.12,124,9,0.49,82,656,66,1.3,NA,NA,NA,NA,NA,NA,NA,NA,NA,NA,NA,NA,NA,NA,NA,NA,NA,NA,38.1,12,7.1,178,44.1181306,9.927048686,3.264197354,41.07223732,1.516011207,5.026089165,0.019885372,0.30871486,0.32881851,0.073987662,0.143566763,0.03691085
39,NA,NA,5,,,,20,9,2,NA,NA,10,420,92,135,50,0.681481481,0.023809524,NA,7.043,82.1,542,22.3,-8,20,6.956,104.8,48,23.4,-9,20,124,9,0.52,NA,700,78,1.7,NA,NA,NA,NA,NA,NA,NA,NA,NA,NA,NA,NA,NA,1,NA,NA,NA,NA,32.1,9.6,7.5,146,NA,NA,NA,NA,NA,NA,,NA,NA,NA,NA,NA
40,NA,NA,5,,,,20,12,2,NA,2.927,10,450,92,147,NA,0.62585034,0.022222222,NA,7.035,105,598,28.1,-3,20,6.951,127.7,46,28.1,-4,20,130,9,0.5,NA,700,89,2,NA,NA,NA,NA,NA,NA,NA,NA,NA,NA,NA,NA,NA,NA,NA,NA,NA,NA,NA,NA,NA,NA,19.65147328,5.445576544,1.043184948,6.886207849,5.781942099,1.883341888,0.115617224,0.215343798,0.191565565,0.053084312,0.144068072,0.83964095
41,FV3,CV1,6,5,1,80,2.88,0,0,4,2.22,5,NA,30,NA,100,NA,NA,NA,7.408,115,NA,72.5,30,18.97,NA,NA,NA,NA,NA,NA,158,9,2.5,103,87,3,0,NA,NA,NA,NA,NA,NA,NA,NA,NA,NA,NA,NA,NA,NA,NA,NA,NA,NA,36,12.2,NA,NA,93.83853502,8.862031081,1.497744249,19.07710954,10.25958309,12.20239113,0.404211725,0.489772844,0.169006883,0.015960866,0.056898809,0.53779547
42,FV3,CV1,6,5,1,80,2.88,0.5,0,4,NA,7,750,70,110,0,0.636363636,0.009333333,NA,7.665,37.9,521,43.3,23,20,7.457,53.1,38,37.5,14,20,NA,NA,NA,NA,NA,NA,NA,NA,NA,NA,NA,NA,NA,NA,NA,NA,NA,NA,NA,NA,NA,NA,NA,NA,NA,NA,NA,NA,NA,NA,NA,NA,NA,NA,NA,,NA,NA,NA,NA,NA
43,FV3,CV1,6,5,1,80,2.88,1,0,4,NA,7,680,75,264,0,0.284090909,0.010294118,NA,7.469,46.3,521,33.6,10,20,7.377,53.6,56,31.5,6,18.78,NA,NA,NA,NA,NA,NA,NA,NA,NA,NA,NA,NA,NA,NA,NA,NA,NA,NA,NA,NA,NA,NA,NA,NA,NA,NA,NA,NA,NA,NA,NA,NA,NA,NA,NA,,NA,NA,NA,NA,NA
44,FV3,CV1,6,5,1,80,2.88,1.5,0,4,NA,7,740,85,320,0,0.265625,0.009459459,NA,7.419,51.2,572,33.2,9,17.29,7.299,67.1,50,33,7,16,NA,NA,NA,NA,NA,NA,NA,NA,NA,NA,NA,NA,NA,NA,NA,NA,NA,NA,NA,NA,NA,NA,NA,NA,NA,NA,NA,NA,NA,NA,NA,NA,NA,NA,NA,,NA,NA,NA,NA,NA
45,FV3,CV1,6,5,1,80,2.88,2,0,4,NA,8,1140,85,323,0,0.263157895,0.007017544,NA,7.468,52.4,570,37.9,14,11.05,7.328,72.9,55,38.3,12,9.7,NA,NA,NA,NA,NA,NA,NA,NA,NA,NA,NA,NA,NA,NA,NA,NA,NA,NA,NA,NA,NA,NA,NA,NA,NA,NA,NA,NA,NA,NA,NA,NA,NA,NA,NA,,NA,NA,NA,NA,NA
46,FV3,CV1,6,5,1,80,2.88,3,0,4,NA,8,1050,85,360,0,0.236111111,0.007619048,NA,7.513,57.6,606,46.2,23,2.88,7.34,82.6,55,44.6,19,2.5,148,7.9,0.95,88,700,80,2.5,26,NA,NA,NA,NA,NA,NA,NA,NA,NA,NA,NA,NA,NA,NA,NA,NA,NA,NA,NA,NA,NA,60.5640708,24.71608587,14.51446268,56.99444355,4.253346702,12.882746,0.031077797,0.541320228,0.587247623,0.239654675,0.269278101,0.074627392
47,FV3,CV1,6,5,1,80,2.88,4,0,4,NA,8,990,85,375,0,0.226666667,0.008080808,NA,7.48,62,580,46.1,23,2.19,7.329,85.3,64,44.9,19,2.09,NA,NA,NA,NA,NA,NA,NA,NA,NA,NA,NA,NA,NA,NA,NA,NA,NA,NA,NA,NA,1,7.275,24.4,15.52,NA,NA,NA,NA,NA,NA,NA,NA,NA,NA,NA,,NA,NA,NA,NA,NA
48,FV3,CV1,6,5,1,80,2.88,6,0,4,NA,8,1020,85,389,0,0.218508997,0.007843137,NA,7.523,54.6,583,44.8,22,2.98,7.358,75,55,42.2,17,2.86,148,7.9,0.92,89,700,105,2.3,29,NA,NA,NA,NA,NA,NA,NA,NA,NA,NA,NA,NA,NA,NA,NA,NA,NA,29,9.9,NA,NA,38.18338429,19.23507723,15.1527667,39.15344777,2.324698789,10.06306461,0.031086094,0.466959595,0.787767396,0.396841898,0.341324047,0.059374051
49,FV3,CV1,6,5,1,80,2.88,9,0,4,NA,8,1030,85,397,5,0.214105793,0.00776699,NA,7.461,58.5,572,41.7,18,2.77,7.299,81.7,78,40.1,14,2.55,147,7.5,0.79,89,700,121,2.4,28,NA,NA,NA,NA,NA,NA,NA,NA,NA,NA,NA,NA,5,7.448,41.9,2.76,NA,NA,NA,NA,NA,NA,NA,NA,NA,NA,NA,,NA,NA,NA,NA,NA
50,FV3,CV1,6,5,1,80,2.88,12,0,4,1.892,8,1020,85,410,NA,0.207317073,0.007843137,NA,7.441,56.2,586,38.3,14,3.35,7.308,73.6,55,36.9,11,3.07,148,8,0.66,88,700,131,2.1,34,NA,NA,NA,NA,NA,NA,NA,NA,NA,NA,NA,NA,2,7.449,39.9,3.52,NA,28,9.5,NA,NA,34.38700379,22.45510594,22.63674646,54.37457472,3.342113052,18.29295145,0.043143207,0.736936505,1.008089052,0.658293656,0.426079351,0.061464629
51,NA,NA,7,,,,16.35,0,0,5,2.811,5,NA,30,NA,85,NA,NA,NA,7.408,100.9,800,63.6,30,18.36,NA,NA,NA,NA,NA,NA,154,9,1.56,96,100,NA,NA,NA,NA,NA,NA,NA,NA,NA,NA,NA,NA,NA,NA,NA,NA,NA,NA,NA,NA,NA,14.4,NA,NA,119.6843909,8.257491524,1.004007077,19.3625523,6.246369396,5.36011216,0.187695418,0.423345869,0.121587418,0.008388789,0.039805479,0.322600518
52,NA,NA,7,,,,16.35,0.5,0,5,NA,10,210,55,35,0,1.571428571,0.047619048,NA,7.389,46,578,27.8,3,19.2,7.232,58.5,46,24.6,-3,17.06,NA,NA,NA,NA,NA,NA,NA,NA,NA,NA,NA,NA,NA,NA,NA,NA,NA,NA,NA,NA,NA,NA,NA,NA,NA,NA,NA,NA,NA,NA,NA,NA,NA,NA,NA,,NA,NA,NA,NA,NA
53,NA,NA,7,,,,16.35,1,0,5,NA,10,370,70,206,10,0.339805825,0.027027027,NA,7.3,43,563,21.2,-5,17.4,7.258,44.4,55,19.8,-7,16.08,NA,NA,NA,NA,NA,NA,NA,NA,NA,NA,NA,NA,NA,NA,NA,NA,NA,NA,NA,NA,NA,NA,NA,NA,NA,NA,NA,NA,NA,NA,NA,NA,NA,NA,NA,,NA,NA,NA,NA,NA
54,NA,NA,7,,,,16.35,1.5,0,5,NA,12,540,75,185,5,0.405405405,0.022222222,NA,7.327,39.7,547,20.8,-5,16.8,7.242,47.6,64,20.5,-7,15.72,NA,NA,NA,NA,NA,NA,NA,NA,NA,NA,NA,NA,NA,NA,NA,NA,NA,NA,NA,NA,NA,NA,NA,NA,NA,NA,NA,NA,NA,NA,NA,NA,NA,NA,NA,,NA,NA,NA,NA,NA
55,NA,NA,7,,,,16.35,2,0,5,NA,12,600,75,220,5,0.340909091,0.02,NA,7.324,42.9,575,22.3,-4,16.46,7.253,48.3,69,21.3,-6,15.64,NA,NA,NA,NA,NA,NA,NA,NA,NA,NA,NA,NA,NA,NA,NA,NA,NA,NA,NA,NA,NA,NA,NA,NA,NA,NA,NA,NA,NA,NA,NA,NA,NA,NA,NA,,NA,NA,NA,NA,NA
56,NA,NA,7,,,,16.35,3,0,5,NA,12,720,75,250,15,0.3,0.016666667,NA,7.299,45.5,624,22.3,-4,16.35,7.246,48.5,80,21.1,-6,15.61,138,9,0.89,85,522,NA,NA,NA,NA,NA,NA,NA,NA,NA,NA,NA,NA,NA,NA,NA,NA,NA,NA,NA,NA,NA,NA,NA,NA,12.04702435,3.833536772,1.469056323,7.240881087,0.667230983,1.368857982,,0.194920153,0.383211747,0.121943501,0.195152701,0.092147761
57,NA,NA,7,,,,16.35,4,0,5,NA,12,800,80,255,10,0.31372549,0.015,NA,7.319,48.4,627,24.9,-1,16.49,7.281,51.9,83,24.4,-2,16.34,NA,NA,NA,NA,NA,NA,NA,NA,NA,NA,NA,NA,NA,NA,NA,NA,NA,NA,NA,NA,2,7.667,58.5,13.89,NA,NA,NA,NA,NA,NA,NA,NA,NA,NA,NA,,NA,NA,NA,NA,NA
58,NA,NA,7,,,,16.35,6,0,5,NA,12,890,80,270,10,0.296296296,0.013483146,NA,7.293,53.3,587,25.8,-1,16.64,7.243,56.3,98,24.3,-3,15.92,143,9,0.87,86,700,NA,NA,NA,NA,NA,NA,NA,NA,NA,NA,NA,NA,NA,NA,NA,NA,NA,NA,NA,NA,NA,10.8,NA,NA,26.61752274,3.957312047,0.658862172,7.508187905,2.117330087,1.828823756,0.015344007,0.255917527,0.166492347,0.024752949,0.084444637,0.28200281
59,NA,NA,7,,,,16.35,9,0,5,NA,12,1030,80,280,15,0.285714286,0.011650485,NA,7.24,61.5,502,26.3,-1,15.54,7.163,72.6,104,26.1,-3,14.89,143,9,0.87,85,700,NA,NA,NA,NA,NA,NA,NA,NA,NA,NA,NA,NA,NA,NA,NA,1,8.163,59.8,14.42,NA,NA,NA,NA,NA,NA,NA,NA,NA,NA,NA,,NA,NA,NA,NA,NA
60,NA,NA,7,,,,16.35,12,0,5,2.653,12,1050,80,271,NA,0.295202952,0.011428571,NA,7.176,78,449,28.9,0,14.72,7.107,91.6,105,28.9,-1,13.94,147,9,0.82,86,700,NA,NA,NA,NA,NA,NA,NA,NA,NA,NA,NA,NA,NA,NA,NA,0.3,8.2,NA,17.43,NA,NA,10,NA,NA,8.674817379,4.143308453,1.675889103,4.852443136,0.356832628,1.42547148,0.010545801,0.258956037,0.404480893,0.193190131,0.258557987,0.073536694
61,NA,NA,8,,,,1.49,0,3,NA,2.191,5,NA,30,NA,100,NA,NA,NA,7.373,119.3,800,69.4,30,17.79,NA,NA,NA,NA,NA,NA,154,7.4,1.6,100,101,3,0,24,NA,NA,NA,NA,NA,NA,NA,NA,NA,NA,NA,NA,NA,NA,NA,NA,NA,41.5,13.2,6.9,116,84.17102026,9.230459445,1.827015504,22.2351013,9.333286223,14.79068876,0.415976178,0.601361414,0.197933322,0.021705992,0.067650394,0.419754608
62,NA,NA,8,,,,1.49,0.5,3,NA,NA,7,630,80,234,0,0.341880342,0.011111111,NA,NA,NA,NA,NA,NA,NA,7.363,62.6,43,35.6,10,10.42,NA,NA,NA,NA,NA,NA,NA,NA,NA,NA,NA,NA,NA,NA,NA,NA,NA,NA,NA,NA,NA,NA,NA,NA,NA,NA,NA,NA,NA,NA,NA,NA,NA,NA,NA,,NA,NA,NA,NA,NA
63,NA,NA,8,,,,1.49,1,3,NA,NA,9,940,80,473,0,0.169133192,0.009574468,NA,7.483,58.2,612,43.6,20,4.63,7.437,62,46,41.8,18,3.48,NA,NA,NA,NA,NA,NA,NA,NA,NA,NA,NA,NA,NA,NA,NA,NA,NA,NA,NA,NA,NA,NA,NA,NA,NA,NA,NA,NA,NA,NA,NA,NA,NA,NA,NA,,NA,NA,NA,NA,NA
64,NA,NA,8,,,,1.49,1.5,3,NA,NA,9,1050,80,500,0,0.16,0.008571429,NA,7.505,58.8,671,46.4,23,1.46,7.454,63.3,59,44.4,20,0.35,NA,NA,NA,NA,NA,NA,NA,NA,NA,NA,NA,NA,NA,NA,NA,NA,NA,NA,NA,NA,NA,NA,NA,NA,NA,NA,NA,NA,NA,NA,NA,NA,NA,NA,NA,,NA,NA,NA,NA,NA
65,NA,NA,8,,,,1.49,2,3,NA,NA,9,1180,80,580,0,0.137931034,0.007627119,NA,7.495,60.3,600,46.5,23,0.65,7.422,65.9,56,42.9,18,0.41,NA,NA,NA,NA,NA,NA,NA,NA,NA,NA,NA,NA,NA,NA,NA,NA,NA,NA,NA,NA,NA,NA,NA,NA,NA,NA,NA,NA,NA,NA,NA,NA,NA,NA,NA,,NA,NA,NA,NA,NA
66,NA,NA,8,,,,1.49,3,3,NA,NA,9,1160,80,629,0,0.12718601,0.007758621,NA,7.428,65.1,662,42.9,19,1.49,7.383,69.1,79,41.1,16,1.46,148,4.8,0.69,85,700,34,0.6,30,NA,NA,NA,NA,NA,NA,NA,NA,NA,NA,NA,NA,NA,NA,NA,NA,NA,NA,NA,NA,NA,48.49963742,25.48178144,18.91142284,34.51609901,1.474064615,20.85429196,0.159647903,0.82444878,0.74215466,0.389929159,0.340740072,0.042706582
67,NA,NA,8,,,,1.49,4,3,NA,NA,9,1140,80,638,0,0.12539185,0.007894737,NA,7.46,59.6,516,42.4,19,1.9,7.378,68.7,63,40.4,15,1.57,NA,NA,NA,NA,NA,NA,NA,NA,NA,NA,NA,NA,NA,NA,NA,NA,NA,NA,NA,NA,9,7.521,51.9,1.43,NA,NA,NA,NA,NA,NA,NA,NA,NA,NA,NA,,NA,NA,NA,NA,NA
68,NA,NA,8,,,,1.49,6,3,NA,NA,9,1180,80,650,0,0.123076923,0.007627119,NA,7.385,67.7,531,40.5,15,1.45,7.336,74.1,65,39.6,14,1.4,147,5.7,0.79,86,700,58,0.5,28,NA,NA,NA,NA,NA,NA,NA,NA,NA,NA,NA,NA,NA,NA,NA,NA,NA,32.7,10.7,4.4,33,62.69845746,18.10149809,6.93109225,28.37752535,5.430122243,13.98141271,0.276168247,0.63230987,0.382901582,0.110546456,0.18216859,0.191352917
69,NA,NA,8,,,,1.49,9,3,NA,NA,9,1250,80,653,NA,0.122511485,0.0072,NA,7.21,92.4,285,37.5,10,1.09,7.149,107.8,65,37.5,9,1,146,6.4,0.7,87,700,77,0.6,28,NA,NA,NA,NA,NA,NA,NA,NA,NA,NA,NA,NA,5,7.37,50.5,1.3,NA,NA,NA,NA,NA,NA,NA,NA,NA,NA,NA,,NA,NA,NA,NA,NA
70,NA,NA,8,,,,1.49,12,3,NA,2.02,NA,NA,NA,NA,NA,NA,NA,NA,NA,NA,NA,NA,NA,NA,NA,NA,NA,NA,NA,NA,NA,NA,NA,NA,NA,NA,NA,NA,NA,NA,NA,NA,NA,NA,NA,NA,NA,NA,NA,NA,NA,NA,NA,NA,NA,NA,NA,NA,NA,58.29378431,20.43941562,11.6103868,39.5710854,10.26122613,12.87996583,0.009911978,0.727313247,0.568039078,0.199170236,0.241634137,0.259311212
71,FN2,CN3,9,35,1,5,10.5,0,0,6,3.297,5,NA,30,NA,125,NA,NA,NA,7.491,105.4,800,80.6,30,20,NA,NA,NA,NA,NA,NA,147,9,1.59,105,20,6,0,NA,NA,NA,NA,NA,NA,NA,NA,NA,NA,NA,NA,NA,NA,NA,NA,NA,NA,42.9,12.4,6,153,87.73406011,7.15478507,1.210685583,22.28489041,7.512483774,6.902248008,0.060565958,0.422774869,0.16921341,0.013799493,0.049824157,0.337111094
72,FN2,CN3,9,35,1,5,10.5,0.5,0,6,NA,7,460,80,92,0,0.869565217,0.015217391,NA,7.563,48,593,43.2,21,20,7.273,78.5,46,36.2,9,20,NA,NA,NA,NA,NA,NA,NA,NA,NA,NA,NA,NA,NA,NA,NA,NA,NA,NA,NA,NA,NA,NA,NA,NA,NA,NA,NA,NA,NA,NA,NA,NA,NA,NA,NA,,NA,NA,NA,NA,NA
73,FN2,CN3,9,35,1,5,10.5,1,0,6,NA,8,540,85,130,5,0.653846154,0.014814815,NA,7.338,46.7,574,25.1,-1,20,7.252,57.5,30,25.3,-2,20,NA,NA,NA,NA,NA,NA,NA,NA,NA,NA,NA,NA,NA,NA,NA,NA,NA,NA,NA,NA,NA,NA,NA,NA,NA,NA,NA,NA,NA,NA,NA,NA,NA,NA,NA,,NA,NA,NA,NA,NA
74,FN2,CN3,9,35,1,5,10.5,1.5,0,6,NA,10,770,85,340,15,0.25,0.012987013,NA,7.238,54,599,23,-4,20,7.161,63.1,44,22.5,-6,20,NA,NA,NA,NA,NA,NA,NA,NA,NA,NA,NA,NA,NA,NA,NA,NA,NA,NA,NA,NA,NA,NA,NA,NA,NA,NA,NA,NA,NA,NA,NA,NA,NA,NA,NA,,NA,NA,NA,NA,NA
75,FN2,CN3,9,35,1,5,10.5,2,0,6,NA,10,880,85,510,5,0.166666667,0.011363636,NA,7.331,53.6,532,28.3,2,20,7.276,60.8,32,28.3,1,18.68,NA,NA,NA,NA,NA,NA,NA,NA,NA,NA,NA,NA,NA,NA,NA,NA,NA,NA,NA,NA,NA,NA,NA,NA,NA,NA,NA,NA,NA,NA,NA,NA,NA,NA,NA,,NA,NA,NA,NA,NA
76,FN2,CN3,9,35,1,5,10.5,3,0,6,NA,10,930,85,600,0,0.141666667,0.010752688,NA,7.423,59.6,528,39,15,10.5,7.363,65.3,41,37.2,12,9.2,139,9,0.58,89,700,27,1,NA,NA,NA,NA,NA,NA,NA,NA,NA,NA,NA,NA,NA,NA,NA,NA,NA,NA,NA,NA,NA,NA,24.78061336,10.14938312,6.367262899,13.5639924,0.65053491,9.276560097,0.102097872,0.728192975,0.62735467,0.256945331,0.277063288,0.04796043
77,FN2,CN3,9,35,1,5,10.5,4,0,6,NA,10,990,85,610,0,0.139344262,0.01010101,NA,7.435,62,544,41.6,17,6.56,7.356,70.4,46,39.4,14,5.69,NA,NA,NA,NA,NA,NA,NA,NA,NA,NA,NA,NA,NA,NA,NA,NA,NA,NA,NA,NA,25,7.45,42.2,6.6,700,NA,NA,NA,NA,NA,NA,NA,NA,NA,NA,,NA,NA,NA,NA,NA
78,FN2,CN3,9,35,1,5,10.5,6,0,6,NA,10,1050,85,630,0,0.134920635,0.00952381,NA,7.393,63.9,483,39,14,7.19,7.327,69.8,52,36.5,11,6.57,137,9,0.62,88,700,61,0.9,NA,NA,NA,NA,NA,NA,NA,NA,NA,NA,NA,NA,NA,NA,NA,NA,NA,NA,30.2,9.2,3.9,120,9.729886492,4.175244439,1.964022713,4.989294239,0.017897973,1.806337354,0.015082833,0.231931867,0.470397061,0.201854638,0.255315754,0.003587276
79,FN2,CN3,9,35,1,5,10.5,9,0,6,NA,10,880,85,620,NA,0.137096774,0.011363636,NA,NA,NA,NA,NA,NA,NA,NA,NA,NA,NA,NA,NA,137,9,0.62,88,689,82,1.2,NA,NA,NA,NA,NA,NA,NA,NA,NA,NA,NA,NA,NA,45,7.355,41.6,6.71,700,NA,NA,NA,NA,NA,NA,NA,NA,NA,NA,,NA,NA,NA,NA,NA
80,FN2,CN3,9,35,1,5,10.5,12,0,6,3.146,NA,NA,NA,NA,NA,NA,NA,NA,NA,NA,NA,NA,NA,NA,NA,NA,NA,NA,NA,NA,NA,NA,NA,NA,NA,NA,NA,NA,NA,NA,NA,NA,NA,NA,NA,NA,NA,NA,NA,NA,NA,NA,NA,NA,NA,NA,NA,NA,NA,3.123412153,2.727582929,1.848331337,1.750963823,0,0.374495435,0.018072578,0.08590002,0.677644414,0.591766711,0.417195301,0
81,NA,NA,10,,,,20,0,3,NA,2.878,5,NA,30,NA,90,NA,NA,NA,7.33,110.4,800,58.3,30,18.62,NA,NA,NA,NA,NA,NA,158,9,1.24,102,68,3,0,NA,NA,NA,NA,NA,NA,NA,NA,NA,NA,NA,NA,NA,NA,NA,NA,NA,NA,45,14,6.9,153,84.0603315,7.655975088,1.261976482,35.38849908,7.281002702,17.73126487,0.243782649,0.670816137,0.1648355,0.015012747,0.054743579,0.205744886
82,NA,NA,10,,,,20,0.5,3,NA,NA,10,130,100,56,0,1.785714286,0.076923077,NA,7.385,40,485,24,-1,20,7.185,53.2,36,20.1,-8,19.7,NA,NA,NA,NA,NA,NA,NA,NA,NA,NA,NA,NA,NA,NA,NA,NA,NA,NA,NA,NA,NA,NA,NA,NA,NA,NA,NA,NA,NA,NA,NA,NA,NA,NA,NA,,NA,NA,NA,NA,NA
83,NA,NA,10,,,,20,1,3,NA,NA,10,190,95,42,20,2.261904762,0.052631579,NA,7.264,44.3,617,20.1,-7,20,7.196,45.4,34,17.6,-11,18.78,NA,NA,NA,NA,NA,NA,NA,NA,NA,NA,NA,NA,NA,NA,NA,NA,NA,NA,NA,NA,NA,NA,NA,NA,NA,NA,NA,NA,NA,NA,NA,NA,NA,NA,NA,,NA,NA,NA,NA,NA
84,NA,NA,10,,,,20,1.5,3,NA,NA,10,260,95,120,0,0.791666667,0.038461538,NA,7.321,42.2,574,21.8,-4,20,7.241,47.3,41,20.3,-7,19.56,NA,NA,NA,NA,NA,NA,NA,NA,NA,NA,NA,NA,NA,NA,NA,NA,NA,NA,NA,NA,NA,NA,NA,NA,NA,NA,NA,NA,NA,NA,NA,NA,NA,NA,NA,,NA,NA,NA,NA,NA
85,NA,NA,10,,,,20,2,3,NA,NA,10,290,95,176,15,0.539772727,0.034482759,NA,7.248,42.5,579,18.6,-9,20,7.212,44.2,51,17.8,-10,20,NA,NA,NA,NA,NA,NA,NA,NA,NA,NA,NA,NA,NA,NA,NA,NA,NA,NA,NA,NA,NA,NA,NA,NA,NA,NA,NA,NA,NA,NA,NA,NA,NA,NA,NA,,NA,NA,NA,NA,NA
86,NA,NA,10,,,,20,3,3,NA,NA,10,320,95,210,15,0.452380952,0.03125,NA,7.274,42.2,564,19.6,-7,20,7.219,45.6,53,18.6,-9,20,138,9,0.55,93,579,18,0.5,NA,NA,NA,NA,NA,NA,NA,NA,NA,NA,NA,NA,NA,NA,NA,NA,NA,NA,NA,NA,NA,NA,33.16721746,2.638717421,0.411632477,15.48984097,8.310492182,6.294873201,0.242301017,0.413529152,0.15599718,0.012410823,0.047794242,0.536512428
87,NA,NA,10,,,,20,4,3,NA,NA,10,360,95,210,10,0.452380952,0.027777778,NA,7.303,44.7,606,22.2,-4,20,7.253,46.8,46,20.7,-7,20,NA,NA,NA,NA,NA,NA,NA,NA,NA,NA,NA,NA,NA,NA,NA,NA,NA,NA,NA,NA,0,NA,NA,NA,NA,NA,NA,NA,NA,NA,NA,NA,NA,NA,NA,,NA,NA,NA,NA,NA
88,NA,NA,10,,,,20,6,3,NA,NA,10,380,95,200,15,0.475,0.026315789,NA,7.273,49.1,596,22.7,-4,20,7.225,54.3,49,22.5,-5,20,142,9,0.62,94,700,43,0.6,NA,NA,NA,NA,NA,NA,NA,NA,NA,NA,NA,NA,NA,NA,NA,NA,NA,NA,33.6,10.6,3,72,5.078602901,1.126620225,0.412874431,6.503829344,5.491861954,3.343006519,1.225800342,0.495000419,0.366471702,0.081296853,0.14750229,0.844404375
89,NA,NA,10,,,,20,9,3,NA,NA,10,430,95,160,15,0.59375,0.023255814,NA,7.24,53.9,526,23.1,-4,20,7.17,63.9,47,23.3,-5,20,141,9,0.61,91,700,62,0.6,NA,NA,NA,NA,NA,NA,NA,NA,NA,NA,NA,NA,NA,0,NA,NA,NA,NA,NA,NA,NA,NA,NA,NA,NA,NA,NA,NA,,NA,NA,NA,NA,NA
90,NA,NA,10,,,,20,12,3,NA,2.859,10,440,95,145,NA,0.655172414,0.022727273,NA,7.205,59.8,578,23.6,-4,20,7.125,71.9,49,23.6,-6,20,141,9,0.43,94,700,75,0.7,NA,NA,NA,NA,NA,NA,NA,NA,NA,NA,NA,NA,NA,0,NA,NA,NA,NA,29.3,9,2.1,52,1.471561418,0.724205478,0.345709302,3.621586183,8.861019814,0.842045368,0.226752411,0.382312311,0.477363556,0.234926859,0.278504297,2.446723443
91,LV3,CV2,11,2,1,0,1.43,0,2,NA,2.075,5,NA,30,NA,125,NA,NA,NA,7.315,128,800,65.2,30,16.13,NA,NA,NA,NA,NA,NA,NA,NA,NA,NA,NA,NA,NA,NA,NA,NA,NA,NA,NA,NA,NA,NA,NA,NA,NA,NA,NA,NA,NA,NA,NA,33.4,10,3.1,29,31.56573385,16.69010232,7.947337149,46.93571073,20.19518783,10.06679636,0.034046278,0.566910754,0.476170667,0.251771024,0.28988378,0.4302734
92,LV3,CV2,11,2,1,0,1.43,0.5,2,NA,NA,5,610,80,237,20,0.337552743,0.008196721,NA,7.283,85.3,493,40.3,14,17.23,7.195,96.1,61,37.2,9,16.39,164,8,1.1,94,120,0,0.2,NA,NA,NA,NA,NA,NA,NA,NA,NA,NA,NA,NA,NA,NA,NA,NA,NA,NA,NA,NA,NA,NA,NA,NA,NA,NA,NA,NA,,NA,NA,NA,NA,NA
93,LV3,CV2,11,2,1,0,1.43,1,2,NA,NA,10,1090,65,859,0,0.075669383,0.009174312,NA,7.337,81.6,499,43.7,18,12.41,7.293,88.9,80,43.1,17,11.1,NA,NA,NA,NA,NA,NA,NA,NA,NA,NA,NA,NA,NA,NA,NA,NA,NA,NA,NA,NA,NA,NA,NA,NA,NA,NA,NA,NA,NA,NA,NA,NA,NA,NA,NA,,NA,NA,NA,NA,NA
94,LV3,CV2,11,2,1,0,1.43,1.5,2,NA,NA,10,1160,65,930,0,0.069892473,0.00862069,NA,7.367,87.3,533,50.1,25,7.82,7.339,85.6,72,46.1,20,7.61,NA,NA,NA,NA,NA,NA,NA,NA,NA,NA,NA,NA,NA,NA,NA,NA,NA,NA,NA,NA,NA,NA,NA,NA,NA,NA,NA,NA,NA,NA,NA,NA,NA,NA,NA,,NA,NA,NA,NA,NA
95,LV3,CV2,11,2,1,0,1.43,2,2,NA,NA,10,1220,50,739,0,0.067658999,0.008196721,NA,7.403,84,516,52.4,28,5.43,7.355,91.4,65,51,26,4.6,NA,NA,NA,NA,NA,NA,NA,NA,NA,NA,NA,NA,NA,NA,NA,NA,NA,NA,NA,NA,NA,NA,NA,NA,NA,NA,NA,NA,NA,NA,NA,NA,NA,NA,NA,,NA,NA,NA,NA,NA
96,LV3,CV2,11,2,1,0,1.43,3,2,NA,NA,10,1310,50,850,20,0.058823529,0.007633588,NA,7.434,85.5,458,57.3,30,1.43,7.391,88.5,78,53.7,29,0.97,148,9,0.63,89,496,48,1,NA,NA,NA,NA,NA,NA,NA,NA,NA,NA,NA,NA,NA,NA,NA,NA,NA,NA,NA,NA,NA,NA,22.46585399,5.95060803,1.511285902,8.449480948,1.595439827,2.165949536,0.295394734,0.19076388,0.253971677,0.067270352,0.149914051,0.188821046
97,LV3,CV2,11,2,1,0,1.43,4,2,NA,NA,10,1370,50,873,0,0.057273769,0.00729927,NA,7.414,89.3,577,57.2,30,1.04,7.356,94.8,93,53.1,28,0.92,NA,NA,NA,NA,NA,NA,NA,NA,NA,NA,NA,NA,NA,NA,NA,NA,NA,NA,NA,NA,21,7.431,56.7,1.21,524,NA,NA,NA,NA,NA,NA,NA,NA,NA,NA,,NA,NA,NA,NA,NA
98,LV3,CV2,11,2,1,0,1.43,6,2,NA,NA,10,1410,50,860,0,0.058139535,0.007092199,NA,7.592,54.6,534,52.5,30,2.48,7.536,55.9,79,47.4,25,2.43,147,8.3,0.79,88,637,75,0.7,NA,NA,NA,NA,NA,NA,NA,NA,NA,NA,NA,NA,NA,NA,NA,NA,NA,NA,NA,NA,NA,NA,94.5781689,15.1763189,1.794665721,24.68451964,13.1649858,13.84323227,0.298079399,0.465788315,0.11825435,0.018975475,0.084113818,0.533329633
99,LV3,CV2,11,2,1,0,1.43,9,2,NA,NA,10,1416,50,900,0,0.055555556,0.007062147,NA,7.505,60,498,47.4,24,2.55,7.428,65.6,78,43.3,19,2.29,146,8.2,0.87,87,700,94,0.7,NA,NA,NA,NA,NA,NA,NA,NA,NA,NA,NA,NA,NA,2,7.532,46.6,3.35,624,NA,NA,NA,NA,NA,NA,NA,NA,NA,NA,,NA,NA,NA,NA,NA
100,LV3,CV2,11,2,1,0,1.43,12,2,NA,1.807,10,1520,50,850,NA,0.058823529,0.006578947,NA,7.345,79.2,393,43.3,18,1.68,7.287,87.7,73,41.9,15,1.53,148,8.5,0.98,89,700,115,0.9,NA,NA,NA,NA,NA,NA,NA,NA,NA,NA,NA,NA,NA,NA,NA,NA,NA,NA,NA,NA,NA,NA,109.252779,3.660489131,0.095357837,30.51629321,14.02994844,6.094843665,0.47277079,0.348213697,0.026050572,0.000872818,0.017039428,0.459752708
101,FN1,CN4,12,50,1,60,10.19,0,0,NA,2.243,5,NA,30,NA,100,NA,NA,NA,7.457,110.5,800,78.1,30,17.35,NA,NA,NA,NA,NA,NA,163,9,1.15,102,134,5,0.3,NA,NA,NA,NA,NA,NA,NA,NA,NA,NA,NA,NA,NA,NA,NA,NA,NA,NA,44.2,13.1,2.1,36,19.64060498,4.855929274,1.833611342,11.09918105,3.427413105,1.570845218,0.344599435,0.114317038,0.377602563,0.093358191,0.161851592,0.308798738
102,FN1,CN4,12,50,1,60,10.19,0.5,0,NA,NA,8,610,65,254,0,0.255905512,0.013114754,NA,7.37,56.1,635,32.4,7,19.73,7.333,50.7,44,26.2,0,18.37,NA,NA,NA,NA,NA,NA,NA,NA,NA,NA,NA,NA,NA,NA,NA,NA,NA,NA,NA,NA,NA,NA,NA,NA,NA,NA,NA,NA,NA,NA,NA,NA,NA,NA,NA,,NA,NA,NA,NA,NA
103,FN1,CN4,12,50,1,60,10.19,1,0,NA,NA,9,720,78,330,0,0.236363636,0.0125,NA,7.333,49.8,602,26.6,1,18.52,7.3,45.9,54,22.6,-4,17.97,NA,NA,NA,NA,NA,NA,NA,NA,NA,NA,NA,NA,NA,NA,NA,NA,NA,NA,NA,NA,NA,NA,NA,NA,NA,NA,NA,NA,NA,NA,NA,NA,NA,NA,NA,,NA,NA,NA,NA,NA
104,FN1,CN4,12,50,1,60,10.19,1.5,0,NA,NA,9,750,70,420,5,0.166666667,0.012,NA,7.314,49.5,604,25.2,-1,18.23,7.281,48.5,56,22.8,-4,17.21,NA,NA,NA,NA,NA,NA,NA,NA,NA,NA,NA,NA,NA,NA,NA,NA,NA,NA,NA,NA,NA,NA,NA,NA,NA,NA,NA,NA,NA,NA,NA,NA,NA,NA,NA,,NA,NA,NA,NA,NA
105,FN1,CN4,12,50,1,60,10.19,2,0,NA,NA,10,950,70,412,0,0.169902913,0.010526316,NA,7.349,52.6,646,29,3,15.21,7.306,52.3,62,26.1,0,15.93,NA,NA,NA,NA,NA,NA,NA,NA,NA,NA,NA,NA,NA,NA,NA,NA,NA,NA,NA,NA,NA,NA,NA,NA,NA,NA,NA,NA,NA,NA,NA,NA,NA,NA,NA,,NA,NA,NA,NA,NA
106,FN1,CN4,12,50,1,60,10.19,3,0,NA,NA,10,910,74,420,0,0.176190476,0.010989011,NA,7.414,50.9,615,32.5,8,10.19,7.387,50.3,55,30.2,5,9.22,134,9,0.57,93,406,39,1.2,NA,NA,NA,NA,NA,NA,NA,NA,NA,NA,NA,NA,NA,NA,NA,NA,NA,NA,NA,NA,NA,NA,101.0894682,15.63876175,2.179488108,26.86609908,5.056411947,7.914189377,1.470500767,0.341477779,0.139364493,0.021559992,0.084089319,0.188207895
107,FN1,CN4,12,50,1,60,10.19,4,0,NA,NA,10,930,74,650,0,0.113846154,0.010752688,NA,NA,NA,NA,NA,NA,NA,NA,NA,NA,NA,NA,NA,NA,NA,NA,NA,NA,NA,NA,NA,NA,NA,NA,NA,NA,NA,NA,NA,NA,NA,NA,NA,20,NA,NA,NA,NA,NA,NA,NA,NA,NA,NA,NA,NA,NA,NA,,NA,NA,NA,NA,NA
108,FN1,CN4,12,50,1,60,10.19,6,0,NA,NA,10,960,74,700,0,0.105714286,0.010416667,NA,7.348,56.7,581,31.1,5,6.83,7.301,58,79,28.6,2,6.96,134,9,0.74,93,376,79,1.1,NA,NA,NA,NA,NA,NA,NA,NA,NA,NA,NA,NA,NA,NA,NA,NA,NA,NA,31,9.2,2.6,44,104.4579753,4.90440356,0.502759011,4.568333852,52.0881455,0.668835308,0.443825957,0.121904027,0.102511754,0.004813027,0.026896255,11.40200064
109,FN1,CN4,12,50,1,60,10.19,9,0,NA,NA,10,1050,74,700,5,0.105714286,0.00952381,NA,7.315,57.2,610,29.2,3,6.76,7.242,65.6,84,28.3,1,6.35,135,9,0.82,92,413,103,1.1,NA,NA,NA,NA,NA,NA,NA,NA,NA,NA,NA,NA,NA,3,7.359,29.9,7.16,343,NA,NA,NA,NA,NA,NA,NA,NA,NA,NA,,NA,NA,NA,NA,NA
110,FN1,CN4,12,50,1,60,10.19,12,0,NA,1.991,10,1040,74,780,NA,0.094871795,0.009615385,NA,7.262,70.9,621,32,5,4.72,7.188,80.8,87,30.7,3,4.6,135,9,0.6,92,484,122,1.2,NA,NA,NA,NA,NA,NA,NA,NA,NA,NA,NA,NA,NA,3,7.333,28.9,6.64,368,NA,NA,NA,NA,73.07156341,32.20333365,16.19117904,22.23215039,37.85077459,0.859137298,< 0,0.083609676,0.502779595,0.221579754,0.26585897,1.702524224
111,NA,NA,13,,,,3.08,0,2,NA,1.502,5,NA,30,NA,120,NA,NA,NA,7.533,95,800,80,30,9.95,NA,NA,NA,NA,NA,NA,172,9,1.13,NA,106,7,0.5,NA,NA,NA,NA,NA,NA,NA,NA,NA,NA,NA,NA,NA,NA,NA,NA,NA,NA,38.8,12.6,5.9,109,120.1829203,9.819709327,0.986168815,5.105027652,47.3508397,1.440405886,0.013931117,0.137020985,0.100427496,0.008205565,0.045011662,9.275334617
112,NA,NA,13,,,,3.08,0.5,2,NA,NA,9,450,74,230,0,0.32173913,0.02,NA,7.694,45,676,54.9,30,10.29,7.676,41.3,27,48.3,28,8.78,NA,NA,NA,NA,NA,NA,NA,NA,NA,NA,NA,NA,NA,NA,NA,NA,NA,NA,NA,NA,NA,NA,NA,NA,NA,NA,NA,NA,NA,NA,NA,NA,NA,NA,NA,,NA,NA,NA,NA,NA
113,NA,NA,13,,,,3.08,1,2,NA,NA,9,750,75,320,0,0.234375,0.012,NA,7.604,57.6,730,57.1,30,8.91,7.572,54.2,48,49.9,28,8.55,NA,NA,NA,NA,NA,NA,NA,NA,570,840,NA,NA,NA,NA,NA,NA,NA,NA,NA,NA,NA,NA,NA,NA,NA,NA,NA,NA,NA,NA,NA,NA,NA,NA,NA,,NA,NA,NA,NA,NA
114,NA,NA,13,,,,3.08,1.5,2,NA,NA,9,840,75,404,0,0.185643564,0.010714286,NA,7.618,56,707,57.4,30,7.17,7.577,56.2,59,52.3,30,6.75,NA,NA,NA,NA,NA,NA,NA,NA,NA,NA,NA,NA,NA,NA,NA,NA,NA,NA,NA,NA,NA,NA,NA,NA,NA,NA,NA,NA,NA,NA,NA,NA,NA,NA,NA,,NA,NA,NA,NA,NA
115,NA,NA,13,,,,3.08,2,2,NA,NA,9,880,75,568,0,0.132042254,0.010227273,NA,7.544,69.5,716,60,30,4.18,7.509,70,69,55.7,30,4.11,NA,NA,NA,NA,NA,NA,NA,NA,NA,NA,NA,NA,NA,NA,NA,NA,NA,NA,NA,NA,NA,NA,NA,NA,NA,NA,NA,NA,NA,NA,NA,NA,NA,NA,NA,,NA,NA,NA,NA,NA
116,NA,NA,13,,,,3.08,3,2,NA,NA,9,920,75,700,0,0.107142857,0.009782609,NA,7.499,75.3,745,58.6,30,3.08,7.468,75,114,54.3,30,3.06,165,2,1.27,94,429,25,0.5,NA,580,920,NA,NA,NA,NA,NA,NA,NA,NA,NA,NA,NA,NA,NA,NA,NA,NA,NA,NA,NA,102.7593936,7.248933628,0.482218522,35.72741975,21.96624246,0.70671347,0.295395949,0.061276672,0.066522684,0.004692695,0.037167753,0.614828684
117,NA,NA,13,,,,3.08,4,2,NA,NA,10,1140,75,750,0,0.1,0.00877193,NA,7.463,76.2,756,54.6,30,3.63,7.435,77.9,162,52.3,28,3.61,NA,NA,NA,NA,NA,NA,NA,NA,NA,NA,NA,NA,NA,NA,NA,NA,NA,NA,NA,NA,1,7.926,43.2,8.82,210,NA,NA,NA,NA,NA,NA,NA,NA,NA,NA,,NA,NA,NA,NA,NA
118,NA,NA,13,,,,3.08,6,2,NA,NA,10,1490,75,820,0,0.091463415,0.006711409,NA,7.52,66.6,720,54.4,30,4.93,7.489,61.9,143,47.1,24,4.76,163,2,1.12,93,475,59,0.4,NA,580,980,NA,NA,NA,NA,NA,NA,NA,NA,NA,NA,NA,NA,NA,NA,NA,32,10.7,9.1,64,114.0674278,10.89828377,0.947951867,23.53263477,43.19562235,1.301358157,0.04911253,0.154269042,0.086981757,0.008310452,0.050805398,1.835562519
119,NA,NA,13,,,,3.08,9,2,NA,NA,10,1200,65,750,0,0.086666667,0.008333333,NA,7.529,61.4,683,51.2,28,5.35,7.474,61.5,162,46.3,23,5.16,161,2,1.04,93,538,83,0.5,NA,NA,NA,NA,NA,NA,NA,NA,NA,NA,NA,NA,NA,0,NA,NA,NA,199,NA,NA,NA,NA,NA,NA,NA,NA,NA,NA,,NA,NA,NA,NA,NA
120,NA,NA,13,,,,3.08,12,2,NA,1.672,10,1390,70,800,NA,0.0875,0.007194245,NA,7.489,63.3,741,48.1,25,5.34,7.469,63.3,192,46,22,5.28,159,3.1,0.97,91,579,106,0.5,NA,540,1260,NA,NA,NA,NA,NA,NA,NA,NA,NA,NA,0,NA,NA,NA,NA,NA,NA,NA,NA,85.16966354,10.74619992,1.173636881,41.39614511,8.524074077,0.378066775,0.46164958,0.073386543,0.109214131,0.013779987,0.067429916,0.205914683
121,NA,NA,14,,,,2.59,0,2,NA,1.637,5,NA,30,NA,100,NA,NA,NA,7.39,121.7,800,73.6,30,11.09,NA,NA,NA,NA,NA,NA,176,9,1.45,118,72,0,0.2,NA,NA,NA,NA,NA,NA,NA,NA,NA,NA,NA,NA,NA,NA,NA,NA,NA,NA,40.5,12.6,1.4,7,NA,NA,NA,NA,NA,NA,,NA,NA,NA,NA,NA
122,NA,NA,14,,,,2.59,0.5,2,NA,NA,7,550,75,91,0,0.824175824,0.012727273,NA,7.484,43.3,581,32.6,9,17.04,7.405,42.5,32,26.6,2,15.23,NA,NA,NA,NA,NA,NA,NA,NA,NA,NA,NA,NA,NA,NA,NA,NA,NA,NA,NA,NA,NA,NA,NA,NA,NA,NA,NA,NA,NA,NA,NA,NA,NA,NA,NA,,NA,NA,NA,NA,NA
123,NA,NA,14,,,,2.59,1,2,NA,NA,7,490,80,97,0,0.824742268,0.014285714,NA,7.47,41.6,534,30.3,7,11.75,7.444,41,29,28.1,4,10.19,NA,NA,NA,NA,NA,NA,NA,NA,7040,9580,NA,NA,NA,NA,NA,NA,NA,NA,NA,NA,NA,NA,NA,NA,NA,NA,NA,NA,NA,NA,NA,NA,NA,NA,NA,,NA,NA,NA,NA,NA
124,NA,NA,14,,,,2.59,1.5,2,NA,NA,8,700,80,107,0,0.747663551,0.011428571,NA,7.6,33.7,485,33.1,12,8.54,7.45,45.6,43,31.6,8,6.7,NA,NA,NA,NA,NA,NA,NA,NA,NA,NA,NA,NA,NA,NA,NA,NA,NA,NA,NA,NA,NA,NA,NA,NA,NA,NA,NA,NA,NA,NA,NA,NA,NA,NA,NA,,NA,NA,NA,NA,NA
125,NA,NA,14,,,,2.59,2,2,NA,NA,8,800,80,169,0,0.473372781,0.01,NA,7.555,42.1,544,37.3,15,4.47,7.483,45.1,67,33.8,10,4.3,NA,NA,NA,NA,NA,NA,NA,NA,NA,NA,NA,NA,NA,NA,NA,NA,NA,NA,NA,NA,NA,NA,NA,NA,NA,NA,NA,NA,NA,NA,NA,NA,NA,NA,NA,,NA,NA,NA,NA,NA
126,NA,NA,14,,,,2.59,3,2,NA,NA,8,880,80,215,0,0.372093023,0.009090909,NA,7.57,44.7,627,41,19,2.59,7.499,46.5,53,36.2,13,2.04,151,9,0.59,101,341,49,0.5,NA,16460,17489,NA,NA,NA,NA,NA,NA,NA,NA,NA,NA,NA,NA,NA,NA,NA,NA,NA,NA,NA,NA,NA,NA,NA,NA,NA,,NA,NA,NA,NA,NA
127,NA,NA,14,,,,2.59,4,2,NA,NA,8,920,80,237,0,0.337552743,0.008695652,NA,7.572,44.8,544,41.3,19,1.83,7.486,49.6,61,37.5,14,1.35,NA,NA,NA,NA,NA,NA,NA,NA,NA,NA,NA,NA,NA,NA,NA,NA,NA,NA,NA,NA,14.5,7.571,37.4,2.94,328,NA,NA,NA,NA,NA,NA,NA,NA,NA,NA,,NA,NA,NA,NA,NA
128,NA,NA,14,,,,2.59,6,2,NA,NA,8,990,80,269,0,0.29739777,0.008080808,NA,7.547,47.5,553,41.3,19,1.36,7.431,56.8,73,37.8,14,1.09,152,9,0.8,102,388,82,0.5,NA,11040,16200,NA,NA,NA,NA,NA,NA,NA,NA,NA,NA,NA,NA,NA,NA,NA,34.4,10.8,1.3,29,NA,NA,NA,NA,NA,NA,,NA,NA,NA,NA,NA
129,NA,NA,14,,,,2.59,9,2,NA,NA,8,1000,80,260,0,0.307692308,0.008,NA,7.409,63.8,628,40.3,16,1.23,7.35,67.4,78,37.2,12,0.92,152,9,0.94,103,398,106,0.5,NA,NA,NA,NA,NA,NA,NA,NA,NA,NA,NA,NA,NA,8.5,7.519,38.7,1.75,351,NA,NA,NA,NA,NA,NA,NA,NA,NA,NA,,NA,NA,NA,NA,NA
130,NA,NA,14,,,,2.59,12,2,NA,1.357,8,1030,80,274,NA,0.291970803,0.00776699,NA,7.242,95.3,607,41.1,14,0.77,7.188,103.7,97,39.5,11,0.65,153,9,0.88,102,407,128,0.6,NA,10770,17250,NA,NA,NA,NA,NA,NA,NA,NA,NA,NA,6,7.441,36.7,1.47,354,33.4,10.5,1.9,25,NA,NA,NA,NA,NA,NA,,NA,NA,NA,NA,NA
131,NA,NA,15,,,,1.73,0,3,NA,1.766,5,NA,30,NA,125,NA,NA,NA,7.37,183.6,737,73.5,35.5,4.88,NA,NA,NA,NA,NA,NA,187,7.6,1.64,110,126,NA,0.5,NA,NA,NA,NA,NA,NA,NA,NA,NA,NA,NA,NA,NA,NA,NA,NA,NA,NA,40.6,12.1,5.9,36,NA,NA,NA,NA,NA,NA,,NA,NA,NA,NA,NA
132,NA,NA,15,,,,1.73,0.5,3,NA,NA,5,940,80,142,0,0.563380282,0.005319149,NA,7.534,51.1,154,43.1,20,12.32,7.41,70.4,29,44.7,20,11.39,NA,NA,NA,NA,NA,NA,NA,NA,NA,NA,NA,NA,NA,NA,NA,NA,NA,NA,NA,NA,NA,NA,NA,NA,NA,NA,NA,NA,NA,NA,NA,NA,NA,NA,NA,,NA,NA,NA,NA,NA
133,NA,NA,15,,,,1.73,1,3,NA,NA,6,1010,85,172,0,0.494186047,0.005940594,NA,7.701,41.6,632,51.5,30,5.65,7.541,55,39,47.1,25,4.97,NA,NA,NA,NA,NA,NA,NA,NA,1047,687,4.2,97,0.1,0.5,4.6,NA,NA,NA,NA,NA,NA,NA,NA,NA,NA,NA,NA,NA,NA,NA,NA,NA,NA,NA,NA,,NA,NA,NA,NA,NA
134,NA,NA,15,,,,1.73,1.5,3,NA,NA,6,1000,85,187,0,0.454545455,0.006,NA,7.663,49.2,661,55.8,30,1.68,7.54,57.5,46,49.1,27,2.09,NA,NA,NA,NA,NA,NA,NA,NA,NA,NA,NA,NA,NA,NA,NA,NA,NA,NA,NA,NA,NA,NA,NA,NA,NA,NA,NA,NA,NA,NA,NA,NA,NA,NA,NA,,NA,NA,NA,NA,NA
135,NA,NA,15,,,,1.73,2,3,NA,NA,6,950,85,352,0,0.241477273,0.006315789,NA,7.538,61,655,52,29,1.57,7.481,64.3,50,48,25,1.51,NA,NA,NA,NA,NA,NA,NA,NA,NA,NA,NA,NA,NA,NA,NA,NA,NA,NA,NA,NA,NA,NA,NA,NA,NA,NA,NA,NA,NA,NA,NA,NA,NA,NA,NA,,NA,NA,NA,NA,NA
136,NA,NA,15,,,,1.73,3,3,NA,NA,6,1040,85,425,0,0.2,0.005769231,NA,7.484,65,639,48.9,25,1.73,7.403,73,59,45.6,21,1.6,162,2.7,0.95,93,556,57,0.9,32,1340,834,4.4,34,0.6,1.2,5,NA,NA,NA,NA,NA,NA,NA,NA,NA,NA,NA,NA,NA,NA,NA,NA,NA,NA,NA,NA,,NA,NA,NA,NA,NA
137,NA,NA,15,,,,1.73,4,3,NA,NA,6,1060,85,435,0,0.195402299,0.005660377,NA,7.46,65.1,678,46.3,23,2.13,7.36,78.1,53,44.1,19,2.02,NA,NA,NA,NA,NA,NA,NA,NA,NA,NA,NA,NA,NA,NA,NA,NA,NA,NA,NA,NA,0.5,NA,NA,NA,NA,NA,NA,NA,NA,NA,NA,NA,NA,NA,NA,,NA,NA,NA,NA,NA
138,NA,NA,15,,,,1.73,6,3,NA,NA,6,1140,85,446,0,0.19058296,0.005263158,NA,7.445,64.4,657,44.2,20,2.44,7.366,73.2,60,42,17,2.25,160,2.9,0.99,95,543,79,0.9,31,1708,996,4.4,60,1.4,2,5,NA,NA,NA,NA,NA,NA,NA,NA,NA,NA,33.2,10.8,1.2,11,NA,NA,NA,NA,NA,NA,,NA,NA,NA,NA,NA
139,NA,NA,15,,,,1.73,9,3,NA,NA,6,1140,85,457,0,0.185995624,0.005263158,NA,7.417,66.8,693,43.1,19,2.65,7.357,72.7,79,40.8,15,2.4,159,4.6,0.87,93,529,98,1.1,34,NA,NA,NA,NA,NA,NA,NA,NA,NA,NA,NA,NA,0.4,7.531,55.9,3.38,220,NA,NA,NA,NA,NA,NA,NA,NA,NA,NA,,NA,NA,NA,NA,NA
140,NA,NA,15,,,,1.73,12,3,NA,1.791,6,1140,85,453,NA,0.187637969,0.005263158,NA,7.396,67.6,691,41.5,17,3.21,7.351,69.9,104,38.6,13,2.96,155,7.4,0.87,95,488,112,1,33,3370,1764,4.2,112,2.6,3.2,5.4,NA,NA,NA,NA,NA,0,NA,NA,NA,NA,32,10.3,1.1,8,NA,NA,NA,NA,NA,NA,,NA,NA,NA,NA,NA
141,LV2,CV3,16,5,1,0,0.84,0,2,NA,1.68,5,NA,30,NA,100,NA,NA,NA,7.42,115.6,800,75,30,4.25,NA,NA,NA,NA,NA,NA,180,NA,1.39,NA,148,NA,0,NA,NA,NA,NA,NA,NA,NA,NA,NA,NA,NA,NA,NA,NA,NA,NA,NA,NA,40.2,12.7,3.2,14,NA,NA,NA,NA,NA,NA,,NA,NA,NA,NA,NA
142,LV2,CV3,16,5,1,0,0.84,0.5,2,NA,NA,6,1630,70,321,0,0.218068536,0.003680982,NA,7.477,46,641,34.1,11,13.12,7.386,51.6,92,31,6,12.74,NA,NA,NA,NA,NA,NA,NA,NA,NA,NA,NA,NA,NA,NA,NA,NA,NA,NA,NA,NA,NA,NA,NA,NA,NA,NA,NA,NA,NA,NA,NA,NA,NA,NA,NA,,NA,NA,NA,NA,NA
143,LV2,CV3,16,5,1,0,0.84,1,2,NA,NA,6,1800,70,577,0,0.121317158,0.003333333,NA,7.468,50.3,680,36.5,13,9.34,7.421,49.8,124,32.3,8,8.9,NA,NA,NA,NA,NA,NA,NA,NA,NA,NA,NA,NA,NA,NA,NA,NA,NA,NA,NA,NA,NA,NA,NA,NA,NA,NA,NA,NA,NA,NA,NA,NA,NA,NA,NA,,NA,NA,NA,NA,NA
144,LV2,CV3,16,5,1,0,0.84,1.5,2,NA,NA,6,2060,75,560,0,0.133928571,0.002912621,NA,7.449,58.3,676,40.4,16,4.89,7.426,57.6,142,37.8,13,5,NA,NA,NA,NA,NA,NA,NA,NA,NA,NA,NA,NA,NA,NA,NA,NA,NA,NA,NA,NA,NA,NA,NA,NA,NA,NA,NA,NA,NA,NA,NA,NA,NA,NA,NA,,NA,NA,NA,NA,NA
145,LV2,CV3,16,5,1,0,0.84,2,2,NA,NA,6,2110,75,550,0,0.136363636,0.002843602,NA,7.507,56.9,680,45.1,22,2.07,7.452,58.9,162,41.1,17,2.05,NA,NA,NA,NA,NA,NA,NA,NA,NA,NA,NA,NA,NA,NA,NA,NA,NA,NA,NA,NA,NA,NA,NA,NA,NA,NA,NA,NA,NA,NA,NA,NA,NA,NA,NA,,NA,NA,NA,NA,NA
146,LV2,CV3,16,5,1,0,0.84,3,2,NA,NA,6,2110,75,630,0,0.119047619,0.002843602,NA,7.524,58.1,646,48,25,0.84,7.481,58.9,190,43.9,20,0.8,161,6,0.89,101,354,48,0.5,23,NA,NA,NA,NA,NA,NA,NA,NA,NA,NA,NA,NA,NA,NA,NA,NA,NA,NA,NA,NA,NA,NA,NA,NA,NA,NA,NA,,NA,NA,NA,NA,NA
147,LV2,CV3,16,5,1,0,0.84,4,2,NA,NA,6,2130,75,659,0,0.113808801,0.002816901,NA,7.523,57.9,636,47.7,25,0.83,7.48,60.7,217,45.2,22,0.8,NA,NA,NA,NA,NA,NA,NA,NA,NA,NA,NA,NA,NA,NA,NA,NA,NA,NA,NA,NA,0,NA,NA,NA,NA,NA,NA,NA,NA,NA,NA,NA,NA,NA,NA,,NA,NA,NA,NA,NA
148,LV2,CV3,16,5,1,0,0.84,6,2,NA,NA,6,2200,75,640,0,0.1171875,0.002727273,NA,NA,NA,NA,NA,NA,NA,NA,NA,NA,NA,NA,NA,NA,NA,NA,NA,NA,NA,NA,NA,NA,NA,NA,NA,NA,NA,NA,NA,NA,NA,NA,NA,NA,NA,NA,NA,NA,NA,NA,NA,NA,NA,NA,NA,NA,NA,NA,,NA,NA,NA,NA,NA
149,LV2,CV3,16,5,1,0,0.84,9,2,NA,NA,6,2300,75,680,0,0.110294118,0.002608696,NA,7.466,62.9,494,45.4,22,0.72,7.414,70.2,241,44.9,20,0.64,163,8.1,0.93,104,186,93,0.6,25,NA,NA,NA,NA,NA,NA,NA,NA,NA,NA,NA,NA,0,NA,NA,NA,NA,NA,NA,NA,NA,NA,NA,NA,NA,NA,NA,,NA,NA,NA,NA,NA
150,LV2,CV3,16,5,1,0,0.84,12,2,NA,1.302,6,2420,75,705,NA,0.106382979,0.002479339,NA,7.293,92.4,537,44.7,18,1.29,7.244,101.4,189,43.9,17,0.6,163,9,0.99,108,214,115,0.7,NA,NA,NA,NA,NA,NA,NA,NA,NA,NA,NA,NA,NA,0,NA,NA,NA,NA,30.2,10,2.2,260,NA,NA,NA,NA,NA,NA,,NA,NA,NA,NA,NA
151,LV1,CV4,17,0,0,7.5,3.57,0,NA,NA,1.68,5,NA,30,NA,100,NA,NA,NA,7.388,119,800,71.7,30,7.04,NA,NA,NA,NA,NA,NA,174,9,1.45,119,96,3,0.2,NA,NA,NA,NA,NA,NA,NA,NA,NA,NA,NA,NA,NA,NA,NA,NA,NA,NA,39.5,13,1,7,NA,NA,NA,NA,NA,NA,,NA,NA,NA,NA,NA
152,LV1,CV4,17,0,0,7.5,3.57,0.5,NA,NA,NA,6,629,80,191,0,0.418848168,0.009538951,NA,7.522,50.2,569,41.2,18,13.83,7.376,49.3,37,28.9,4,13.02,NA,NA,NA,NA,NA,NA,NA,NA,NA,NA,NA,NA,NA,NA,NA,NA,NA,NA,NA,NA,NA,NA,NA,NA,NA,NA,NA,NA,NA,NA,NA,NA,NA,NA,NA,,NA,NA,NA,NA,NA
153,LV1,CV4,17,0,0,7.5,3.57,1,NA,NA,NA,6,720,80,256,0,0.3125,0.008333333,NA,7.451,46,606,32.1,8,10.96,7.401,49.7,38,30.8,6,9.32,NA,NA,NA,NA,NA,NA,NA,NA,11960,5290,NA,80,NA,2,NA,NA,NA,NA,NA,NA,NA,NA,NA,NA,NA,NA,NA,NA,NA,NA,NA,NA,NA,NA,NA,,NA,NA,NA,NA,NA
154,LV1,CV4,17,0,0,7.5,3.57,1.5,NA,NA,NA,6,870,80,260,0,0.307692308,0.006896552,NA,7.454,47.6,551,33.4,9,9.3,7.4,50.6,55,31.3,7,7.72,NA,NA,NA,NA,NA,NA,NA,NA,NA,NA,NA,NA,NA,NA,NA,NA,NA,NA,NA,NA,NA,NA,NA,NA,NA,NA,NA,NA,NA,NA,NA,NA,NA,NA,NA,,NA,NA,NA,NA,NA
155,LV1,CV4,17,0,0,7.5,3.57,2,NA,NA,NA,6,880,80,265,0,0.301886792,0.006818182,NA,7.473,44.9,489,32.9,9,6.94,7.432,50.8,48,33.9,10,4.63,NA,NA,NA,NA,NA,NA,NA,NA,NA,NA,NA,NA,NA,NA,NA,NA,NA,NA,NA,NA,NA,NA,NA,NA,NA,NA,NA,NA,NA,NA,NA,NA,NA,NA,NA,,NA,NA,NA,NA,NA
156,LV1,CV4,17,0,0,7.5,3.57,3,NA,NA,NA,6,970,80,286,0,0.27972028,0.006185567,NA,7.516,49.5,551,40,17,3.57,7.457,53.9,61,38.1,14,0.9,153,8,0.74,100,426,52,0.3,28,13450,6020,NA,100,NA,2,NA,NA,NA,NA,NA,NA,NA,NA,NA,NA,NA,NA,NA,NA,NA,NA,NA,NA,NA,NA,NA,,NA,NA,NA,NA,NA
157,LV1,CV4,17,0,0,7.5,3.57,4,NA,NA,NA,6,950,80,290,0,0.275862069,0.006315789,NA,7.477,56.2,668,41.6,18,0.82,7.423,56.8,55,37.1,13,0.71,NA,NA,NA,NA,NA,NA,NA,NA,NA,NA,NA,NA,NA,NA,NA,NA,NA,NA,NA,NA,NA,NA,NA,NA,NA,NA,NA,NA,NA,NA,NA,NA,NA,NA,NA,,NA,NA,NA,NA,NA
158,LV1,CV4,17,0,0,7.5,3.57,6,NA,NA,NA,6,1040,80,307,0,0.260586319,0.005769231,NA,7.506,48,555,37.9,15,1.54,7.386,58.8,60,35.3,10,1.15,153,6.7,0.99,97,460,91,0.4,33,13020,5560,NA,130,NA,3,NA,NA,NA,NA,NA,NA,NA,NA,NA,NA,NA,30.8,9.8,3.2,44,NA,NA,NA,NA,NA,NA,,NA,NA,NA,NA,NA
159,LV1,CV4,17,0,0,7.5,3.57,9,NA,NA,NA,6,1100,80,307,10,0.260586319,0.005454545,NA,7.443,46.8,488,32,8,2.1,7.267,70.1,81,32,5,1.23,152,6.5,0.82,98,532,113,0.5,31,NA,NA,NA,NA,NA,NA,NA,NA,NA,NA,NA,NA,NA,NA,NA,NA,NA,NA,NA,NA,NA,NA,NA,NA,NA,NA,NA,,NA,NA,NA,NA,NA
160,LV1,CV4,17,0,0,7.5,3.57,12,NA,NA,1.446,6,1170,80,230,NA,0.347826087,0.005128205,NA,7.409,46.3,483,29.3,5,2.43,7.246,70.5,68,30.6,3,1.59,152,6.9,0.56,97,579,129,0.4,33,16420,5490,NA,200,NA,5,NA,NA,NA,NA,NA,NA,NA,NA,NA,NA,NA,27.2,9.2,0.8,26,NA,NA,NA,NA,NA,NA,,NA,NA,NA,NA,NA
161,FV2,CV5,18,25,1,50,0.81,0,0,NA,2.445,5,NA,40,NA,100,NA,NA,NA,7.353,124.2,800,69,30,9.62,NA,NA,NA,NA,NA,NA,176,9,1.51,121,60,5,0,NA,NA,NA,NA,NA,NA,NA,NA,NA,NA,NA,NA,NA,NA,NA,NA,NA,NA,36.5,12.9,2.3,22,NA,NA,NA,NA,NA,NA,,NA,NA,NA,NA,NA
162,FV2,CV5,18,25,1,50,0.81,0.5,0,NA,NA,5,410,70,258,10,0.271317829,0.012195122,NA,7.295,53.5,683,26,0,16.59,7.237,54.6,33,23.2,-4,15.68,NA,NA,NA,NA,NA,NA,NA,NA,NA,NA,NA,NA,NA,NA,NA,NA,NA,NA,NA,NA,NA,NA,NA,NA,NA,NA,NA,NA,NA,NA,NA,NA,NA,NA,NA,,NA,NA,NA,NA,NA
163,FV2,CV5,18,25,1,50,0.81,1,0,NA,NA,8,960,60,733,0,0.081855389,0.008333333,NA,7.351,50.2,669,27.8,2,12.79,7.329,49.5,55,26,0,11.88,NA,NA,NA,NA,NA,NA,NA,NA,5500,4695,NA,NA,NA,1.5,NA,NA,NA,NA,NA,NA,NA,NA,NA,NA,NA,NA,NA,NA,NA,NA,NA,NA,NA,NA,NA,,NA,NA,NA,NA,NA
164,FV2,CV5,18,25,1,50,0.81,1.5,0,NA,NA,8,1300,60,610,0,0.098360656,0.006153846,NA,7.489,51.6,NA,39.2,16,3.12,7.456,51.2,47,36.1,12,2.94,NA,NA,NA,NA,NA,NA,NA,NA,NA,NA,NA,NA,NA,NA,NA,NA,NA,NA,NA,NA,NA,NA,NA,NA,NA,NA,NA,NA,NA,NA,NA,NA,NA,NA,NA,,NA,NA,NA,NA,NA
165,FV2,CV5,18,25,1,50,0.81,2,0,NA,NA,8,1540,60,690,0,0.086956522,0.005194805,NA,7.471,62.2,649,45.3,22,0.56,7.422,63.5,62,41.4,17,0.51,NA,NA,NA,NA,NA,NA,NA,NA,NA,NA,NA,NA,NA,NA,NA,NA,NA,NA,NA,NA,NA,NA,NA,NA,NA,NA,NA,NA,NA,NA,NA,NA,NA,NA,NA,,NA,NA,NA,NA,NA
166,FV2,CV5,18,25,1,50,0.81,3,0,NA,NA,8,1600,65,840,0,0.077380952,0.005,NA,7.449,63.2,632,43.8,20,0.81,7.402,65.4,77,40.7,16,0.75,143,9,0.65,92,539,45,0.5,NA,7765,6600,3.6,NA,NA,2,5.4,NA,NA,NA,NA,NA,NA,NA,NA,NA,NA,NA,NA,NA,NA,NA,NA,NA,NA,NA,NA,,NA,NA,NA,NA,NA
167,FV2,CV5,18,25,1,50,0.81,4,0,NA,NA,8,1610,65,900,0,0.072222222,0.004968944,NA,7.436,63.8,588,42.9,19,1.41,7.386,66.5,90,39.9,15,1.28,NA,NA,NA,NA,NA,NA,NA,NA,NA,NA,NA,NA,NA,NA,NA,NA,NA,NA,NA,NA,7.5,7.554,46.2,1.44,473,NA,NA,NA,NA,NA,NA,NA,NA,NA,NA,,NA,NA,NA,NA,NA
168,FV2,CV5,18,25,1,50,0.81,6,0,NA,NA,9,1780,63,910,0,0.069230769,0.00505618,NA,7.412,66,552,42,17,1.55,7.335,73.5,106,39.2,13,1.47,143,9,0.85,92,555,93,0.7,NA,8585,6825,NA,NA,NA,2.5,NA,NA,NA,NA,NA,NA,NA,NA,NA,NA,NA,24.6,9.2,2.3,25,NA,NA,NA,NA,NA,NA,,NA,NA,NA,NA,NA
169,FV2,CV5,18,25,1,50,0.81,9,0,NA,NA,9,1860,47,760,0,0.061842105,0.00483871,NA,7.164,118.1,431,42.4,14,0.77,7.12,126.8,82,41.2,12,0.62,140,9,0.85,91,598,93,0.7,NA,NA,NA,NA,NA,NA,NA,NA,NA,NA,NA,NA,NA,13,7.341,41.7,1.34,449,NA,NA,NA,NA,NA,NA,NA,NA,NA,NA,,NA,NA,NA,NA,NA
170,FV2,CV5,18,25,1,50,0.81,12,0,NA,2.06,9,1790,45,680,NA,0.066176471,0.005027933,NA,7.172,106.9,424,39.2,11,0.69,7.114,118.9,76,38.1,9,0.57,139,9,0.62,91,624,105,0.8,NA,NA,7000,NA,NA,NA,2.5,NA,NA,NA,NA,NA,NA,9,NA,NA,NA,NA,24.5,8.5,3,39,NA,NA,NA,NA,NA,NA,,NA,NA,NA,NA,NA
171,LN1,CN5,19,0,0,0,16.36,0,NA,NA,2.084,5,NA,30,NA,100,NA,NA,NA,7.397,99.3,800,61,30,12.64,NA,NA,NA,NA,NA,NA,175,9,1.37,123,51,4,0,NA,NA,NA,NA,NA,NA,NA,NA,NA,NA,NA,NA,NA,NA,NA,NA,NA,NA,35.9,12.9,1.3,14,NA,NA,NA,NA,NA,NA,,NA,NA,NA,NA,NA
172,LN1,CN5,19,0,0,0,16.36,0.5,NA,NA,NA,7,220,65,157,10,0.414012739,0.031818182,NA,7.313,53.5,617,27.2,1,20,7.198,59.6,38,22.1,-6,20,NA,NA,NA,NA,NA,NA,NA,NA,NA,NA,NA,NA,NA,NA,NA,NA,NA,NA,NA,NA,NA,NA,NA,NA,NA,NA,NA,NA,NA,NA,NA,NA,NA,NA,NA,,NA,NA,NA,NA,NA
173,LN1,CN5,19,0,0,0,16.36,1,NA,NA,NA,9,640,65,299,20,0.217391304,0.0140625,NA,7.148,62.5,599,21.7,-7,20,7.091,68.4,74,20.8,-9,19.65,NA,NA,NA,NA,NA,NA,NA,NA,9040,3430,NA,105,NA,1,NA,NA,NA,NA,NA,NA,NA,NA,NA,NA,NA,NA,NA,NA,NA,NA,NA,NA,NA,NA,NA,,NA,NA,NA,NA,NA
174,LN1,CN5,19,0,0,0,16.36,1.5,NA,NA,NA,9,770,70,235,15,0.29787234,0.011688312,NA,7.222,62.8,616,25.8,-2,19.86,7.16,72.4,88,25.8,-3,19.63,NA,NA,NA,NA,NA,NA,NA,NA,NA,NA,NA,NA,NA,NA,NA,NA,NA,NA,NA,NA,NA,NA,NA,NA,NA,NA,NA,NA,NA,NA,NA,NA,NA,NA,NA,,NA,NA,NA,NA,NA
175,LN1,CN5,19,0,0,0,16.36,2,NA,NA,NA,9,830,70,235,15,0.29787234,0.010843373,NA,7.291,62,578,29.9,3,20,7.211,74.9,72,30,2,19.27,NA,NA,NA,NA,NA,NA,NA,NA,NA,NA,NA,NA,NA,NA,NA,NA,NA,NA,NA,NA,NA,NA,NA,NA,NA,NA,NA,NA,NA,NA,NA,NA,NA,NA,NA,,NA,NA,NA,NA,NA
176,LN1,CN5,19,0,0,0,16.36,3,NA,NA,NA,9,890,75,180,0,0.416666667,0.01011236,NA,7.474,47.8,582,35.1,12,16.36,7.367,59.4,60,34.1,9,15.14,156,9,0.68,101,700,42,1,NA,10620,3710,NA,100,NA,2,NA,NA,NA,NA,NA,NA,NA,NA,NA,NA,NA,NA,NA,NA,NA,NA,NA,NA,NA,NA,NA,,NA,NA,NA,NA,NA
177,LN1,CN5,19,0,0,0,16.36,4,NA,NA,NA,8,790,80,234,0,0.341880342,0.010126582,NA,7.521,46.2,570,37.8,15,12.63,7.397,58.9,55,36.3,11,11.21,NA,NA,NA,NA,NA,NA,NA,NA,NA,NA,NA,NA,NA,NA,NA,NA,NA,NA,NA,NA,15,7.431,34.1,14.65,700,NA,NA,NA,NA,NA,NA,NA,NA,NA,NA,,NA,NA,NA,NA,NA
178,LN1,CN5,19,0,0,0,16.36,6,NA,NA,NA,8,850,77,420,0,0.183333333,0.009411765,NA,7.422,64.5,629,42,18,7.71,7.367,69.5,80,39.9,15,7.29,154,9,0.97,97,700,75,1.2,NA,14210,3670,NA,140,NA,2,NA,NA,NA,NA,NA,NA,NA,NA,NA,NA,NA,NA,NA,NA,NA,NA,NA,NA,NA,NA,NA,,NA,NA,NA,NA,NA
179,LN1,CN5,19,0,0,0,16.36,9,NA,NA,NA,8,920,77,490,0,0.157142857,0.008695652,NA,7.521,49,538,40.1,17,7.63,7.445,54.2,82,37.3,13,7.57,154,9,0.64,96,700,94,1,NA,NA,NA,NA,NA,NA,NA,NA,NA,NA,NA,NA,NA,10,7.448,38.8,8.85,700,NA,NA,NA,NA,NA,NA,NA,NA,NA,NA,,NA,NA,NA,NA,NA
180,LN1,CN5,19,0,0,0,16.36,12,NA,NA,1.688,8,990,77,530,NA,0.145283019,0.008080808,NA,7.368,65.5,598,37.8,12,7.68,7.318,68.8,96,35.3,9,7.27,NA,NA,NA,NA,NA,NA,NA,NA,15470,2500,NA,180,NA,2,NA,NA,NA,NA,NA,NA,10,7.426,37.2,7.49,700,25.1,9.7,0.8,16,NA,NA,NA,NA,NA,NA,,NA,NA,NA,NA,NA